City,Country,Date,Latitude,Longitude,Temp,Humidity,Max Temp,Cloudiness,Wind Speed
Yellowknife,CA,1579738296,62.46,-114.35,5.0,84,5.0,90,10.29
Kununurra,AU,1579738841,-15.77,128.73,84.2,74,84.2,85,9.35
Chokurdakh,RU,1579738308,70.63,147.92,-20.96,97,-20.96,100,8.68
Patnongon,PH,1579738841,10.91,121.99,77.36,69,77.36,0,6.82
Jamestown,US,1579738202,42.1,-79.24,26.38,53,32.0,1,9.17
Chui,UY,1579738180,-33.7,-53.46,70.2,81,70.2,0,9.53
Te Anau,NZ,1579738584,-45.42,167.72,61.7,72,61.7,8,7.14
Hermanus,ZA,1579738841,-34.42,19.23,66.13,86,70.0,0,5.99
East London,ZA,1579738841,-33.02,27.91,70.52,77,70.52,100,10.09
Bambous Virieux,MU,1579738841,-20.34,57.76,78.89,94,79.0,75,10.29
Maragogi,BR,1579738638,-9.01,-35.22,82.08,81,82.08,98,16.51
Los Llanos de Aridane,ES,1579738841,28.66,-17.92,59.07,51,60.8,20,8.05
Oranjestad,AW,1579738842,12.52,-70.03,80.6,74,80.6,20,10.29
Innisfail,AU,1579738842,-17.53,146.03,82.0,70,82.0,68,3.0
Codrington,AU,1579738189,-38.27,141.97,59.27,70,59.27,99,34.56
Kapaa,US,1579738842,22.08,-159.32,79.43,65,80.6,1,10.29
Longyearbyen,SJ,1579738359,78.22,15.64,-0.4,59,-0.4,0,14.99
Oxford,GB,1579738842,51.75,-1.26,43.79,93,45.0,74,4.7
Blechepsin,RU,1579738842,44.82,40.5,41.79,74,41.79,97,25.84
Kiama,AU,1579738842,-34.68,150.87,95.7,10,100.0,72,20.8
Geraldton,AU,1579738003,-28.77,114.6,68.0,72,68.0,0,16.11
Upernavik,GL,1579738842,72.79,-56.15,0.59,93,0.59,100,8.25
Vila do Maio,CV,1579738843,15.13,-23.22,71.6,78,71.6,79,17.22
Qaanaaq,GL,1579738506,77.48,-69.36,-10.16,50,-10.16,11,7.14
Arraial do Cabo,BR,1579738615,-22.97,-42.03,78.8,78,78.8,20,6.93
Ushuaia,AR,1579738621,-54.8,-68.3,53.6,58,53.6,75,2.37
Lebu,CL,1579738691,-37.62,-73.65,61.11,74,61.11,0,5.91
Bonfim,BR,1579738843,3.08,-59.95,83.35,49,83.35,68,5.61
Mataura,NZ,1579738292,-46.19,168.86,64.0,74,64.0,93,15.01
Busselton,AU,1579738565,-33.65,115.33,67.21,44,71.01,76,9.75
Brookings,US,1579738843,44.31,-96.8,32.65,100,35.6,90,4.18
North Bend,US,1579738843,43.41,-124.22,52.84,76,55.4,90,17.22
Quirinopolis,BR,1579738843,-18.45,-50.45,74.43,91,74.43,100,4.29
Fria,GN,1579738843,10.42,-13.58,69.39,69,69.39,67,2.13
Albany,US,1579738843,42.6,-73.97,23.02,63,28.4,1,2.04
Lanxi,CN,1579738844,29.22,119.48,51.01,99,51.01,66,3.78
The Valley,AI,1579738844,18.22,-63.06,78.04,74,78.8,20,9.17
Vestmannaeyjar,IS,1579738754,63.44,-20.27,36.14,68,36.14,100,42.7
Changji,CN,1579738844,44.02,87.32,8.6,84,8.6,82,1.77
Port Lincoln,AU,1579738844,-34.73,135.87,62.96,45,62.96,63,21.16
Pisco,PE,1579738844,-13.7,-76.22,74.26,78,75.2,90,3.36
Rikitea,PF,1579738844,-23.12,-134.97,79.27,75,79.27,51,11.61
Klaksvik,FO,1579738844,62.23,-6.59,46.4,100,46.4,100,8.05
Punta Arenas,CL,1579738617,-53.15,-70.92,50.79,71,51.8,100,12.75
Iqaluit,CA,1579738422,63.75,-68.51,-18.22,68,-18.0,75,2.19
Alberton,CA,1579738844,46.82,-64.07,16.0,46,16.0,0,12.75
Biak,ID,1579738905,-0.91,122.88,81.19,73,81.19,100,5.3
Batemans Bay,AU,1579738908,-35.72,150.18,89.96,54,96.01,100,10.0
Owensboro,US,1579738732,37.77,-87.11,33.4,59,35.01,1,5.82
Hilo,US,1579738908,19.73,-155.09,74.95,54,80.6,1,14.99
Meulaboh,ID,1579738147,4.14,96.13,80.78,80,80.78,0,7.0
Salinopolis,BR,1579738908,-0.61,-47.36,81.3,79,81.3,75,19.15
Lompoc,US,1579738209,34.64,-120.46,61.5,100,69.01,90,10.29
Daru,PG,1579738908,-9.08,143.21,88.95,55,88.95,49,2.91
Barrow,US,1579738908,71.29,-156.79,-2.2,77,-2.2,40,10.29
Marzuq,YE,1579738909,14.4,46.47,55.83,83,55.83,0,4.76
Maloy,NO,1579738909,61.94,5.11,41.36,93,46.0,100,14.99
Isangel,VU,1579738339,-19.55,169.27,80.6,78,80.6,90,3.36
Butaritari,KI,1579738909,3.07,172.79,84.63,63,84.63,63,4.41
Bredasdorp,ZA,1579738909,-34.53,20.04,61.93,87,63.0,0,4.7
Margate,GB,1579738689,51.38,1.39,43.79,100,46.4,75,2.24
Vaini,TO,1579738909,-21.2,-175.2,80.6,83,80.6,75,11.41
Saskylakh,RU,1579738909,71.92,114.08,-39.75,94,-39.75,0,8.34
Tiksi,RU,1579738360,71.69,128.87,-27.42,87,-27.42,65,4.65
Conde,BR,1579738909,-7.26,-34.91,80.6,88,80.6,40,4.7
Kaitangata,NZ,1579738910,-46.28,169.85,58.08,79,58.08,43,16.22
Rapid City,US,1579738904,44.08,-103.23,35.69,74,39.99,90,17.22
George Town,MY,1579738554,5.41,100.34,77.86,78,78.8,20,4.7
Avarua,CK,1579738249,-21.21,-159.78,78.8,94,78.8,100,8.05
Cherkasskoye,RU,1579738910,52.43,47.22,19.17,92,19.17,87,5.75
Tanout,NE,1579738910,14.97,8.89,63.72,15,63.72,72,13.94
Cairns,AU,1579738878,-16.92,145.77,87.4,66,91.0,40,6.93
Miragoane,HT,1579738910,18.44,-73.09,78.75,70,78.75,24,6.06
Ponta do Sol,PT,1579738910,32.67,-17.1,54.93,58,59.0,20,8.05
Najran,SA,1579738491,17.49,44.13,64.4,36,64.4,44,2.24
Gloucester,GB,1579738842,51.87,-2.24,44.73,100,46.99,90,3.36
Srednekolymsk,RU,1579738911,67.45,153.68,-33.2,97,-33.2,78,7.2
Asind,IN,1579738911,25.73,74.33,49.64,56,49.64,69,6.31
Arroyo de la Encomienda,ES,1579738628,41.61,-4.8,35.47,90,37.99,0,11.41
Pevek,RU,1579738426,69.7,170.31,-17.23,99,-17.23,100,3.6
Carballo,ES,1579738911,43.21,-8.69,48.33,100,51.01,40,1.12
Hobart,AU,1579738714,-42.88,147.33,59.09,82,61.0,75,5.82
Manzanillo,CU,1579738911,20.34,-77.12,62.56,62,62.56,60,9.73
Rocha,UY,1579738706,-34.48,-54.33,66.13,84,66.13,0,8.75
Bluff,NZ,1579738911,-46.6,168.33,64.0,74,64.0,92,15.01
Lebanon,US,1579738770,36.21,-86.29,39.74,51,42.8,75,4.7
Cidreira,BR,1579738757,-30.18,-50.21,71.92,81,71.92,100,14.61
Tuktoyaktuk,CA,1579738911,69.45,-133.04,-13.0,75,-13.0,90,6.93
San Cristobal,VE,1579738915,7.77,-72.22,77.0,88,77.0,40,2.24
Kodiak,US,1579738915,57.79,-152.41,28.4,50,28.4,20,10.29
Constantine,DZ,1579738975,36.37,6.61,51.8,50,51.8,31,11.41
Jardim,BR,1579738777,-21.48,-56.14,74.12,96,74.12,100,4.0
Fukuecho,JP,1579738975,32.69,128.84,59.81,100,60.8,20,3.36
Reshetylivka,UA,1579738975,49.56,34.08,32.59,79,32.59,94,17.56
Nikolskoye,RU,1579738423,59.7,30.79,27.61,54,28.4,20,22.37
Tiznit,MA,1579738975,29.58,-9.5,47.52,80,47.52,22,3.44
Airai,TL,1579738975,-8.93,125.41,76.15,65,76.15,32,1.99
Draguignan,FR,1579738975,43.53,6.47,51.85,71,57.2,83,12.75
Cacoal,BR,1579738975,-11.44,-61.45,76.33,93,76.33,98,2.51
Mangan,IN,1579738975,27.52,88.53,31.62,46,31.62,40,4.0
Pittsburg,US,1579738678,38.03,-121.88,59.36,55,63.0,1,3.83
Maningrida,AU,1579738976,-12.07,134.27,84.2,79,84.2,94,21.36
Gambela,ET,1579738976,8.25,34.58,73.65,21,73.65,76,2.35
Tautira,PF,1579738976,-17.73,-149.15,87.48,66,87.8,20,14.99
Torbay,CA,1579738976,47.67,-52.73,21.6,73,23.0,90,10.29
Bago,MM,1579738976,17.34,96.48,68.0,94,68.0,40,4.7
Bethel,US,1579738976,41.37,-73.41,27.23,73,32.0,1,0.81
Katangli,RU,1579738976,51.71,143.23,1.74,93,1.74,94,5.39
Bathsheba,BB,1579738753,13.22,-59.52,77.0,78,77.0,75,16.11
Nanortalik,GL,1579738977,60.14,-45.24,25.63,64,25.63,100,27.56
Tilichiki,RU,1579738977,60.47,166.1,-16.51,85,-16.51,52,7.45
Beringovskiy,RU,1579738691,63.05,179.32,-13.32,96,-13.32,2,7.92
Bruges,BE,1579738977,51.21,3.22,40.66,93,42.01,75,4.7
Sulangan,PH,1579738977,11.14,123.72,78.85,72,78.85,17,10.18
Dodge City,US,1579738977,37.75,-100.02,46.53,65,48.2,1,6.93
Norman Wells,CA,1579738977,65.28,-126.83,-5.8,70,-5.8,75,3.36
Batagay-Alyta,RU,1579738977,67.8,130.41,-27.6,99,-27.6,100,1.25
Sayyan,YE,1579738757,15.17,44.32,50.59,85,50.59,5,4.38
Alamosa,US,1579738977,37.47,-105.87,33.44,51,37.4,90,3.36
New Norfolk,AU,1579738977,-42.78,147.06,59.0,77,61.0,75,6.93
Matagami,CA,1579738978,49.75,-77.63,30.2,92,30.2,90,8.05
Jalu,LY,1579738978,29.03,21.55,50.76,62,50.76,0,5.53
Ketchikan,US,1579738978,55.34,-131.65,41.86,86,42.8,90,20.8
Banswara,IN,1579738978,23.55,74.45,57.65,43,57.65,2,9.91
Zhezkazgan,KZ,1579738978,47.8,67.71,25.03,92,25.03,100,27.31
Talnakh,RU,1579738821,69.49,88.4,-4.0,76,-4.0,75,22.37
Shingu,JP,1579738324,33.73,135.98,60.8,93,60.8,75,12.75
Atuona,PF,1579738978,-9.8,-139.03,81.14,73,81.14,17,11.5
Darhan,MN,1579738978,49.49,105.92,-10.46,90,-10.46,0,3.33
Zavodouspenskoye,RU,1579738978,56.86,65.02,24.8,85,24.8,90,11.18
Eureka,US,1579738470,40.8,-124.16,57.58,67,59.0,90,6.93
Dmitriyevka,RU,1579738864,54.75,55.33,19.24,92,19.24,100,9.6
Villa Carlos Paz,AR,1579738821,-31.42,-64.5,76.32,73,82.0,1,5.82
Praia,CV,1579738691,14.92,-23.51,71.6,78,71.6,83,17.22
Hasaki,JP,1579739042,35.73,140.83,39.94,93,41.0,75,2.24
Ribeira Grande,PT,1579739042,38.52,-28.7,53.55,70,53.55,45,9.24
Betare Oya,CM,1579739042,5.6,14.08,66.18,20,66.18,28,4.99
Nemuro,JP,1579738885,43.32,145.57,32.0,71,32.0,20,1.12
Nantucket,US,1579738761,41.28,-70.1,27.0,68,32.0,1,7.23
Pangnirtung,CA,1579738688,66.15,-65.71,-25.6,74,-25.6,40,3.36
Henties Bay,NA,1579739042,-22.12,14.28,66.0,93,66.0,0,1.99
Gomel,BY,1579739042,52.43,30.98,32.0,76,32.0,75,17.9
Celestun,MX,1579739042,20.87,-90.4,71.46,72,71.46,0,23.53
Keetmanshoop,NA,1579739042,-26.58,18.13,69.8,43,69.8,0,9.17
Port Hardy,CA,1579738971,50.7,-127.42,42.8,87,42.8,90,27.51
Lata,PT,1579738949,40.16,-8.33,46.26,93,48.2,75,4.7
Neryungri,RU,1579739043,56.67,124.65,-17.36,99,-17.36,100,5.88
Dikson,RU,1579739043,73.51,80.55,-14.58,94,-14.58,100,14.32
Bilibino,RU,1579738821,68.05,166.44,-39.42,100,-39.42,77,0.83
Mount Gambier,AU,1579739043,-37.83,140.77,60.8,63,60.8,75,21.92
Horsham,GB,1579739043,51.06,-0.33,43.48,100,45.0,75,3.36
Cape Town,ZA,1579738802,-33.93,18.42,66.0,59,66.99,0,6.93
Olinda,BR,1579739043,-8.01,-34.86,84.2,74,84.2,75,5.82
Opuwo,NA,1579739043,-18.06,13.84,71.58,42,71.58,56,3.27
Saint George's,GD,1579738841,12.06,-61.75,78.8,78,78.8,20,9.17
Khatanga,RU,1579739044,71.97,102.5,-33.36,86,-33.36,84,8.93
Hong Kong,HK,1579739021,22.29,114.16,68.97,88,71.01,20,5.82
Saint-Philippe,RE,1579739044,-21.36,55.77,74.91,94,78.8,75,10.29
Pathein,MM,1579739044,16.78,94.73,73.26,73,73.26,54,9.44
Havelock,US,1579738680,34.88,-76.9,41.49,60,44.01,1,16.11
Chifeng,CN,1579738802,42.27,118.96,15.71,63,15.71,0,8.59
Iralaya,HN,1579739044,15.0,-83.23,73.4,100,73.4,75,14.99
Kysyl-Syr,RU,1579739044,63.9,122.76,-23.03,98,-23.03,100,2.44
Mekhe,SN,1579739044,15.11,-16.62,73.4,56,73.4,100,10.29
Bandarbeyla,SO,1579739044,9.49,50.81,77.29,82,77.29,95,16.87
Hun,LY,1579739045,29.13,15.95,50.13,59,50.13,0,6.42
Labuhan,ID,1579738754,-6.88,112.21,79.18,82,79.18,34,2.73
Juegang,CN,1579739045,32.32,121.19,46.99,95,46.99,100,1.01
Marawi,PH,1579739045,8.0,124.29,75.99,94,75.99,98,1.01
Kurumkan,RU,1579739045,54.3,110.3,-21.75,81,-21.75,4,2.95
Deputatsky,RU,1579739045,69.3,139.9,-25.31,92,-25.31,82,3.56
La Ronge,CA,1579738822,55.1,-105.28,17.6,92,17.6,90,5.82
Praia,CV,1579738552,14.92,-23.51,71.6,78,71.6,83,17.22
Yulara,AU,1579738820,-25.24,130.99,80.6,30,80.6,19,17.22
Knysna,ZA,1579739045,-34.04,23.05,59.0,100,59.0,47,3.36
San Rafael,AR,1579739046,-34.62,-68.33,85.78,28,85.78,16,11.3
Vila,PT,1579739046,42.03,-8.16,46.99,76,53.01,100,1.12
Broome,US,1579738754,42.25,-75.83,26.19,54,30.2,1,6.93
Soubre,CI,1579739106,5.79,-6.61,75.02,94,75.02,99,3.42
Cockburn Town,TC,1579738836,21.46,-71.14,73.2,84,73.2,51,26.02
Vila Franca do Campo,PT,1579739106,37.72,-25.43,55.4,82,55.4,75,14.99
Ahipara,NZ,1579739106,-35.17,173.17,65.73,70,65.73,81,7.81
Severo-Kuril'sk,RU,1579738553,50.68,156.12,17.65,85,17.65,99,14.47
Souillac,MU,1579739109,-20.52,57.52,78.87,94,79.0,75,10.29
Makassar,ID,1579738884,-5.14,119.42,82.4,78,82.4,20,4.7
Sekoma,BW,1579739109,-24.4,23.88,76.23,40,76.23,0,8.55
Jacareacanga,BR,1579739030,-6.22,-57.75,75.16,96,75.16,100,2.06
Vardo,NO,1579738894,70.37,31.11,19.4,79,19.4,40,25.28
Kribi,CM,1579739110,2.95,9.92,81.3,84,81.3,63,6.85
Inhambane,MZ,1579738753,-23.86,35.38,76.66,67,76.66,73,8.97
Manaure,CO,1579739110,11.78,-72.44,78.8,78,78.8,97,4.7
Mpongwe,ZM,1579739110,-13.51,28.16,65.07,99,65.07,100,3.6
Kaseda,JP,1579739110,31.42,130.32,60.39,100,62.6,75,3.36
Constitucion,CL,1579738886,-35.33,-72.42,58.01,93,58.01,21,5.99
Victor Harbor,AU,1579738999,-35.57,138.62,64.29,48,66.2,75,28.86
Yokadouma,CM,1579739110,3.52,15.05,65.43,24,65.43,65,3.15
Leningradskiy,RU,1579739110,69.38,178.42,-19.12,93,-19.12,72,4.41
Shache,CN,1579739110,38.42,77.24,20.08,72,20.08,0,2.3
Puerto Ayora,EC,1579738993,-0.74,-90.35,78.44,69,80.6,75,10.29
Tasiilaq,GL,1579739097,65.61,-37.64,19.4,73,19.4,22,35.57
Saldanha,ZA,1579739114,-33.01,17.94,66.2,63,66.2,1,2.24
Batsfjord,NO,1579739114,70.63,29.72,19.4,79,19.4,40,25.28
Zonguldak,TR,1579739114,41.25,31.83,31.24,67,31.24,91,4.05
Rawson,AR,1579738821,-43.3,-65.1,67.42,69,67.42,30,13.33
Nagina,IN,1579739114,29.45,78.45,46.9,86,46.9,0,9.06
Bosaso,SO,1579739114,11.28,49.18,75.72,72,75.72,12,8.3
Katsuura,JP,1579739114,35.13,140.3,44.31,70,45.0,90,5.82
Yar-Sale,RU,1579739114,66.83,70.83,3.67,92,3.67,100,16.04
Ilulissat,GL,1579739114,69.22,-51.1,10.4,78,10.4,100,16.11
Palmer,US,1579738952,42.16,-72.33,24.58,73,28.4,1,3.4
Namatanai,PG,1579739115,-3.67,152.43,84.18,72,84.18,0,8.1
Portland,US,1579738876,45.52,-122.68,48.49,87,53.01,90,10.29
Husavik,IS,1579739115,66.04,-17.34,33.8,50,33.8,75,38.03
Goure,NE,1579739115,13.98,10.27,66.99,19,66.99,19,8.01
Adre,TD,1579739115,13.47,22.2,54.36,23,54.36,14,19.19
Guhagar,IN,1579739115,17.48,73.19,78.33,53,78.33,25,3.91
Arlit,NE,1579739115,18.74,7.39,68.18,13,68.18,43,10.04
Russell,US,1579739115,32.35,-85.2,44.6,52,48.2,1,5.68
Vanimo,PG,1579739115,-2.67,141.3,82.0,77,82.0,56,7.34
Santa Cruz de la Sierra,BO,1579739124,-17.8,-63.17,79.52,88,80.6,75,5.82
Kargasok,RU,1579739124,59.06,80.86,11.98,92,11.98,100,12.73
Pochutla,MX,1579738690,15.74,-96.47,79.41,74,80.6,40,6.93
Marand,IR,1579739125,38.43,45.77,15.8,85,15.8,0,9.17
Vangaindrano,MG,1579739128,-23.35,47.6,68.56,97,68.56,93,3.51
Honningsvag,NO,1579738554,70.98,25.97,24.8,62,24.8,75,26.4
Lavrentiya,RU,1579739188,65.58,-171.0,-9.36,90,-9.36,100,5.46
Belmonte,BR,1579739188,-15.86,-38.88,75.2,94,75.2,75,9.17
Republic of El Salvador,SV,1579739188,13.83,-88.92,79.5,44,80.6,0,2.24
Dunedin,NZ,1579738889,-45.87,170.5,64.0,74,64.0,77,8.01
Termoli,IT,1579739188,41.99,14.99,42.46,85,43.0,0,6.42
Dingle,PH,1579738755,11.0,122.67,74.28,82,74.28,2,12.5
Ayagoz,KZ,1579739121,47.97,80.44,18.09,94,18.09,100,14.32
Otradnoye,RU,1579739188,59.78,30.82,27.63,54,28.4,75,26.84
Castro,BR,1579739189,-24.79,-50.01,58.77,92,58.77,100,8.5
Faanui,PF,1579738755,-16.48,-151.75,82.69,75,82.69,100,13.4
Loiza,PR,1579739189,18.43,-65.88,74.21,83,77.0,75,6.93
Sao Paulo de Olivenca,BR,1579739189,-3.38,-68.87,77.31,89,77.31,95,1.99
Marabu,MY,1579738754,4.41,114.01,75.15,100,75.2,75,2.24
Ust-Kuyga,RU,1579739189,70.02,135.6,-30.98,99,-30.98,99,5.75
Asau,RO,1579738619,46.43,26.4,37.24,64,37.4,90,10.29
Pokhara,NP,1579738954,28.23,83.98,46.49,61,46.49,0,2.17
Port Blair,IN,1579739189,11.67,92.75,80.13,80,80.13,100,11.61
Krasnyy Chikoy,RU,1579739133,50.36,108.75,-16.38,93,-16.38,4,2.48
Santa,PH,1579739189,17.49,120.43,67.46,67,67.46,0,4.88
Vawkavysk,BY,1579739189,53.16,24.45,31.89,81,31.89,11,16.49
Brae,GB,1579739190,60.4,-1.35,47.17,93,48.2,100,29.97
Perth,AU,1579738984,-31.93,115.83,69.37,68,72.0,20,8.05
Orocue,CO,1579739190,4.79,-71.34,84.87,50,84.87,62,5.14
Carutapera,BR,1579739190,-1.2,-46.02,81.84,80,81.84,91,19.64
Balkhash,KZ,1579739190,46.84,74.98,19.22,98,19.22,99,7.61
Athabasca,CA,1579739190,54.72,-113.29,23.32,95,23.32,100,2.71
Fleetwood,GB,1579739190,53.93,-3.01,43.65,100,46.0,90,3.36
Mar del Plata,AR,1579739175,-38.0,-57.56,68.74,94,69.8,75,5.82
Promyshlennovskiy,RU,1579739190,55.48,86.2,17.6,85,17.6,90,11.18
Bundaberg,AU,1579739154,-24.85,152.35,80.64,88,82.99,75,11.41
Cooma,AU,1579739190,-36.23,149.13,82.4,17,82.4,75,31.09
Bisauli,IN,1579739190,28.32,78.93,49.62,75,49.62,0,11.77
Mossamedes,AO,1579739191,-15.2,12.15,74.61,74,74.61,88,11.1
Seoul,KR,1579738375,37.57,126.98,27.93,74,30.2,1,3.36
Almeirim,BR,1579739191,-1.52,-52.58,80.17,71,80.17,99,6.49
Zarate,AR,1579739191,-34.1,-59.03,77.67,83,79.0,0,11.41
Provideniya,RU,1579739140,64.38,-173.3,-4.0,76,-4.0,0,1.66
Salalah,OM,1579739148,17.02,54.09,73.4,60,73.4,75,6.93
Narsaq,GL,1579739134,60.92,-46.05,19.4,67,19.4,99,2.24
Matara,LK,1579739191,5.95,80.54,73.71,89,73.71,43,5.88
Haines Junction,CA,1579739191,60.75,-137.51,8.37,96,8.37,100,2.48
Huarmey,PE,1579738887,-10.07,-78.15,73.26,72,73.26,93,5.35
Sibolga,ID,1579739191,1.74,98.78,70.03,90,70.03,0,4.0
Thinadhoo,MV,1579739175,0.53,72.93,83.84,80,83.84,41,18.37
Sambava,MG,1579738754,-14.27,50.17,74.28,98,74.28,100,1.07
Hithadhoo,MV,1579739140,-0.6,73.08,84.06,80,84.06,26,15.88
Thompson,CA,1579739126,55.74,-97.86,-4.0,83,-4.0,20,2.24
Tingi,TZ,1579739192,-11.3,35.03,66.88,96,66.88,100,2.37
Kulhudhuffushi,MV,1579739192,6.62,73.07,83.79,79,83.79,71,23.15
Kavieng,PG,1579738821,-2.57,150.8,83.23,79,83.23,0,12.24
Barraute,CA,1579739252,48.43,-77.63,30.13,92,30.2,90,10.29
Bahia Honda,CU,1579739252,22.9,-83.16,60.85,59,60.85,40,9.89
Forsytheganj,BY,1579738977,52.63,29.73,32.2,75,32.2,82,14.54
Springbok,ZA,1579739252,-29.66,17.89,53.44,95,53.44,3,2.1
Phan Thiet,VN,1579739196,10.93,108.1,68.27,80,68.27,0,3.74
Aseri,EE,1579739252,59.45,26.87,33.53,68,33.53,35,23.53
Mitsamiouli,KM,1579738689,-11.38,43.28,81.48,80,81.48,96,16.31
Itoman,JP,1579739186,26.12,127.67,68.97,77,69.8,75,5.82
Sao Filipe,CV,1579739256,14.9,-24.5,70.47,79,70.47,50,7.58
Ankpa,NG,1579739256,7.37,7.63,75.15,19,75.15,57,5.61
Broken Hill,AU,1579739256,-31.95,141.43,78.8,29,78.8,87,19.46
Xingyi,CN,1579739256,24.19,102.82,43.61,75,43.61,0,3.09
Illapel,CL,1579739256,-31.63,-71.17,63.25,73,63.25,48,2.48
Touros,BR,1579739256,-5.2,-35.46,80.6,83,80.6,20,9.17
Bengkulu,ID,1579739127,-3.8,102.27,73.26,94,73.26,93,3.47
Acarau,BR,1579738949,-2.89,-40.12,76.95,90,76.95,97,3.62
Kutum,SD,1579739256,14.2,24.67,42.93,39,42.93,0,5.17
College,US,1579739257,64.86,-147.8,-10.21,75,-5.8,40,0.47
Port Elizabeth,ZA,1579739107,-33.92,25.57,62.6,88,62.6,74,8.05
Okhotsk,RU,1579739257,59.38,143.3,-22.0,70,-22.0,0,6.58
Ciudad Lazaro Cardenas,MX,1579739257,17.96,-102.2,80.13,76,80.13,10,7.2
Coquimbo,CL,1579739201,-29.95,-71.34,66.2,77,66.2,73,6.93
Kavaratti,IN,1579739142,10.57,72.64,81.86,77,81.86,29,11.63
Bonthe,SL,1579739257,7.53,-12.51,79.86,84,79.86,98,5.3
Mizdah,LY,1579738755,31.45,12.98,46.38,63,46.38,66,9.64
Saint-Pierre,RE,1579738758,-21.34,55.48,75.51,94,78.8,75,10.29
Zipari,GR,1579739257,36.88,27.2,41.85,76,48.2,0,9.17
Mayumba,GA,1579739257,-3.43,10.66,82.87,78,82.87,100,6.55
Palamos,ES,1579739257,41.85,3.13,55.78,93,57.0,90,4.7
Delta del Tigre,UY,1579739258,-34.76,-56.39,73.67,78,73.99,0,11.41
Kirakira,SB,1579739258,-10.45,161.92,84.67,70,84.67,2,4.03
Juba,SS,1579739258,4.85,31.58,72.95,19,72.95,77,4.41
San Andres,CO,1579738998,12.58,-81.7,80.6,65,80.6,90,16.11
Cravo Norte,CO,1579739258,6.3,-70.2,85.78,48,85.78,1,5.55
Diffa,NE,1579739258,13.32,12.61,64.18,30,64.18,3,12.73
Vao,NC,1579739258,-22.67,167.48,76.95,76,76.95,51,15.39
Tuatapere,NZ,1579738691,-46.13,167.68,64.0,74,64.0,80,15.01
Grand Forks,US,1579739258,47.93,-97.03,18.95,85,24.8,90,9.17
Baijiantan,CN,1579739258,45.63,85.18,8.2,87,8.2,100,0.63
Port Alfred,ZA,1579739127,-33.59,26.89,62.01,97,62.01,80,1.01
Graaff-Reinet,ZA,1579739259,-32.25,24.53,57.99,94,57.99,85,5.01
Mehamn,NO,1579739148,71.04,27.85,24.8,62,24.8,75,26.4
Aksu,CN,1579739157,41.12,80.26,19.67,78,19.67,33,1.83
Kindersley,CA,1579739259,51.47,-109.17,23.0,92,23.0,20,10.29
Romanu,RO,1579739319,45.28,27.73,42.8,35,42.8,75,23.04
Saint George,US,1579739255,37.1,-113.58,52.61,50,55.4,1,5.1
Mitchell,US,1579739040,43.71,-98.03,34.56,91,35.6,90,5.7
Gurlan,UZ,1579739319,41.84,60.39,29.34,74,30.2,0,13.87
Mayo,US,1579738753,38.89,-76.51,29.46,74,33.01,1,0.43
Chapais,CA,1579738887,49.78,-74.85,28.4,92,28.4,90,14.99
Grande Riviere du Nord,HT,1579739319,19.58,-72.18,68.58,93,68.58,20,1.43
Hobyo,SO,1579739319,5.35,48.53,78.1,78,78.1,81,17.94
Fort Nelson,CA,1579739319,58.81,-122.7,8.6,84,8.6,40,1.41
Anadyr,RU,1579739320,64.75,177.48,-23.44,67,-23.01,78,8.95
Eyl,SO,1579739160,7.98,49.82,78.01,83,78.01,99,21.47
Lorengau,PG,1579739191,-2.02,147.27,82.96,77,82.96,0,12.48
Hofn,IS,1579738820,64.25,-15.21,39.56,68,39.56,36,47.0
Corinth,GR,1579739320,37.94,22.96,39.13,62,48.0,20,9.89
Harper,LR,1579739320,4.38,-7.72,77.22,89,77.22,41,1.45
Blackburn,GB,1579739320,53.75,-2.48,43.27,100,46.0,90,3.36
Iquitos,PE,1579739297,-3.75,-73.25,82.4,83,82.4,50,2.64
Ilo,PE,1579739320,-17.64,-71.34,73.26,84,73.26,52,3.06
Pacific Grove,US,1579739320,36.62,-121.92,58.5,72,63.0,1,4.7
Esperance,AU,1579739320,-33.87,121.9,64.4,59,64.4,40,18.34
Borba,BR,1579739320,-4.39,-59.59,77.25,92,77.25,72,1.23
Lagunas,PE,1579739321,-5.23,-75.68,82.11,73,82.11,53,2.51
Laguna,US,1579739177,38.42,-121.42,57.94,63,62.01,40,6.93
Borazjan,IR,1579739321,29.27,51.22,59.0,77,59.0,90,4.7
Manokwari,ID,1579739321,-0.87,134.08,79.16,68,79.16,88,4.21
Faya,SA,1579739197,18.39,42.45,52.68,87,53.6,75,9.17
Colares,PT,1579739321,38.8,-9.45,46.92,100,48.99,40,8.05
Canutama,BR,1579739321,-6.53,-64.38,77.77,84,77.77,94,2.01
Nouakchott,MR,1579739042,18.09,-15.98,64.4,72,64.4,100,5.82
Indramayu,ID,1579739321,-6.33,108.32,80.6,79,80.6,10,5.53
Ursulo Galvan,MX,1579739321,22.73,-98.3,71.76,88,75.0,40,13.87
Great Falls,US,1579739167,47.5,-111.3,37.36,34,39.2,1,14.99
Marevo,RU,1579739321,57.31,32.08,26.92,64,26.92,100,12.93
Yumen,CN,1579739205,40.28,97.2,13.73,63,13.73,48,2.15
Ozernovskiy,RU,1579739322,51.5,156.52,18.64,79,18.64,95,6.46
Fomboni,KM,1579739322,-12.28,43.74,82.49,78,82.49,97,19.26
Flinders,AU,1579738818,-34.58,150.86,96.82,10,100.99,72,20.8
Belaya Gora,RU,1579739322,68.53,146.42,-28.1,94,-28.1,83,5.03
Cabo San Lucas,MX,1579739303,22.89,-109.91,71.38,77,73.99,75,4.7
Bom Jesus,BR,1579739322,-9.07,-44.36,71.92,93,71.92,100,1.77
Samarai,PG,1579739148,-10.62,150.67,89.91,56,89.91,6,1.92
Bubaque,GW,1579739258,11.28,-15.83,78.13,63,78.13,100,16.11
Imbituba,BR,1579739080,-28.24,-48.67,69.8,94,69.8,75,3.36
Klyuchi,RU,1579739322,52.27,79.17,18.09,80,18.09,100,18.99
Tateyama,JP,1579739323,34.98,139.87,43.54,70,45.0,90,5.82
Mendi,PG,1579739383,-6.18,143.65,69.51,62,69.51,26,1.19
Tessalit,ML,1579739383,20.2,1.01,71.65,18,71.65,42,9.91
Lakes Entrance,AU,1579739383,-37.88,147.98,62.76,96,64.0,100,1.99
Chimichagua,CO,1579739383,9.26,-73.81,79.63,78,79.63,100,5.14
Pangai,TO,1579739383,-19.8,-174.35,82.4,74,82.4,20,5.82
Moron,AR,1579738744,-34.65,-58.62,78.08,83,79.0,0,18.34
Nouadhibou,MR,1579739386,20.93,-17.03,60.8,72,60.8,0,14.99
Tahta,EG,1579739192,26.77,31.5,46.4,61,46.4,0,4.7
Point Fortin,TT,1579739386,10.18,-61.68,75.99,78,77.0,20,5.82
Yaan,NG,1579739386,7.38,8.57,76.8,18,76.8,46,5.26
Carnarvon,AU,1579739386,-24.87,113.63,75.2,53,75.2,0,18.34
Waliso,ET,1579739387,8.53,37.98,59.72,63,59.72,99,4.52
Pangkalanbuun,ID,1579739153,-2.68,111.62,78.08,90,78.08,86,1.61
Aripuana,BR,1579739387,-9.17,-60.63,75.33,96,75.33,100,1.7
Araouane,ML,1579739387,18.9,-3.53,75.92,18,75.92,98,7.67
Ancud,CL,1579738818,-41.87,-73.82,66.2,63,66.2,52,10.29
Khandyga,RU,1579739192,62.67,135.6,-32.94,98,-32.94,23,1.9
Nelson Bay,AU,1579739119,-32.72,152.15,98.37,29,98.6,11,6.93
Hamilton,US,1579739306,39.18,-84.53,32.38,68,35.6,1,4.21
Eilat,IL,1579739387,29.56,34.95,50.0,76,50.0,20,3.98
Veracruz,MX,1579739165,19.33,-96.67,71.35,78,71.6,20,4.05
Kostrzyn,PL,1579739387,52.4,17.23,31.01,100,33.01,40,4.7
Gao,ML,1579739388,16.64,1.64,77.65,13,77.65,95,11.48
Boquira,BR,1579739388,-12.82,-42.73,70.5,93,70.5,100,2.39
Salinas,US,1579739388,36.68,-121.66,58.71,77,64.0,1,7.27
Mount Isa,AU,1579739182,-20.73,139.5,86.0,62,86.0,40,12.75
OErnskoeldsvik,SE,1579739388,63.29,18.72,26.78,79,28.4,8,10.29
Anloga,GH,1579739388,5.79,0.9,82.4,83,82.4,20,6.93
Mnogovershinnyy,RU,1579739388,53.94,139.92,-5.22,87,-5.22,47,4.27
Abucay,PH,1579739388,14.77,120.48,78.51,69,80.6,40,4.7
Dapaong,TG,1579739388,10.86,0.2,80.13,14,80.13,71,14.7
Grindavik,IS,1579739388,63.84,-22.43,31.15,66,32.0,75,46.08
Bemidji,US,1579739388,47.47,-94.88,23.45,92,26.01,40,3.02
Phalaborwa,ZA,1579739389,-23.94,31.14,66.2,93,66.2,15,2.24
Tromso,NO,1579739389,69.65,18.96,24.48,92,28.99,75,2.24
Dandong,CN,1579739389,40.13,124.39,31.95,86,31.95,99,1.32
Batagay,RU,1579739389,67.63,134.63,-26.63,96,-26.63,100,1.19
Mogadishu,SO,1579739256,2.04,45.34,80.62,84,80.62,31,24.43
Gubkinskiy,RU,1579739389,64.43,76.5,1.51,93,1.51,100,20.74
Onega,RU,1579739389,63.91,38.14,21.92,85,21.92,86,18.48
Nuuk,GL,1579739389,64.18,-51.72,15.42,72,15.8,100,19.46
Jiexiu,CN,1579739389,37.02,111.91,21.69,71,21.69,10,0.87
Itarema,BR,1579738820,-2.92,-39.92,76.95,90,76.95,97,3.62
Santa Vitoria do Palmar,BR,1579739398,-33.52,-53.37,70.2,81,70.2,0,9.53
Paarl,ZA,1579739398,-33.73,18.98,65.98,59,66.99,0,6.93
Darnah,LY,1579739399,32.77,22.64,58.37,69,58.37,7,18.95
Mpika,ZM,1579739459,-11.83,31.45,62.71,99,62.71,96,3.98
Kwang Binh,VN,1579739459,17.48,106.6,67.82,91,67.82,56,2.57
Polovinnoye,RU,1579739459,54.79,65.99,26.87,90,26.87,100,19.04
Narasannapeta,IN,1579739459,18.42,84.05,65.34,93,65.34,67,3.0
Zyryanka,RU,1579739459,65.75,150.85,-32.49,99,-32.49,85,3.51
Lianhe,CN,1579739459,47.13,129.27,3.92,76,3.92,100,0.36
Tomatlan,MX,1579739459,19.93,-105.25,79.14,53,79.14,29,5.14
Luderitz,NA,1579739202,-26.65,15.16,66.2,77,66.2,0,3.36
Assiniboia,CA,1579739463,49.63,-105.98,26.13,86,26.13,100,7.47
Necochea,AR,1579739463,-38.55,-58.74,67.23,97,69.01,4,1.99
Suriapet,IN,1579739463,17.15,79.62,65.82,96,65.82,66,3.6
Prince Rupert,CA,1579739464,54.32,-130.32,44.6,75,44.6,90,10.29
Sangar,RU,1579739464,63.92,127.47,-18.47,93,-18.47,100,10.92
Rome,US,1579739260,43.21,-75.46,25.45,68,28.99,1,6.93
Ramgarh,IN,1579739464,23.63,85.52,59.0,87,59.0,75,6.26
Dali,CN,1579739465,25.7,100.18,30.29,84,30.29,0,3.27
Djibouti,DJ,1579739465,11.5,42.5,77.0,73,77.0,1,8.28
Barguzin,RU,1579739465,53.62,109.62,-10.77,97,-10.77,95,4.65
Manado,ID,1579739466,1.49,124.85,78.8,94,78.8,40,1.12
Bhag,PK,1579739380,29.04,67.82,57.38,59,57.38,32,3.09
Kalengwa,ZM,1579739466,-13.47,25.0,65.28,99,65.28,100,4.12
Olafsvik,IS,1579739213,64.89,-23.71,31.93,60,31.93,95,45.45
Maniitsoq,GL,1579739466,65.42,-52.9,13.41,80,13.41,100,16.04
Saint-Joseph,RE,1579739466,-21.37,55.62,74.8,94,78.8,75,10.29
Trincomalee,LK,1579739466,8.57,81.23,73.76,94,73.76,95,4.14
Lerwick,GB,1579739280,60.15,-1.15,47.3,87,48.2,100,28.86
Karachi,PK,1579739204,24.91,67.08,59.0,51,59.0,40,13.87
Nalut,LY,1579739466,30.33,10.85,52.3,39,52.3,29,15.7
Aquiraz,BR,1579739467,-3.9,-38.39,83.7,74,84.2,40,9.17
Ulladulla,AU,1579739467,-35.35,150.47,99.36,11,100.99,100,17.22
Quatre Cocos,MU,1579739277,-20.21,57.76,78.89,94,79.0,75,10.29
Dawei,MM,1579739470,14.08,98.2,77.92,69,77.92,26,4.76
Teacapan,MX,1579739470,22.55,-105.75,74.89,60,74.89,71,6.55
Shirokiy,RU,1579739470,49.76,129.52,-9.35,97,-9.35,100,7.87
Atar,MR,1579739179,20.52,-13.05,64.02,26,64.02,100,5.53
Ayan,RU,1579739470,56.45,138.17,-10.7,66,-10.7,100,3.91
El Batey,DO,1579739274,19.77,-70.52,73.74,100,75.2,75,14.36
Srandakan,ID,1579738887,-7.94,110.25,78.26,84,78.26,86,4.7
Ndola,ZM,1579739235,-12.96,28.64,62.96,99,62.96,94,2.89
Basco,PH,1579739197,20.45,121.97,75.06,75,75.06,1,20.49
Lucapa,AO,1579739471,-8.42,20.74,66.38,96,66.38,100,3.4
Sao Joao da Barra,BR,1579739471,-21.64,-41.05,75.24,88,75.24,33,4.29
Puri,IN,1579739471,19.8,85.85,66.2,100,66.2,40,3.65
Kaz,RU,1579739471,52.91,87.31,19.08,96,19.08,100,2.75
Trat,TH,1579739471,12.5,102.5,77.67,94,81.0,20,2.24
Le Vauclin,MQ,1579739474,14.55,-60.84,75.94,88,78.01,66,5.82
Ossora,RU,1579739474,59.24,163.07,-9.69,88,-9.69,0,3.85
Del Rio,US,1579739474,29.36,-100.9,59.02,77,60.8,1,10.29
Sabratah,LY,1579739534,32.79,12.49,60.35,61,60.35,55,16.4
Narrabri,AU,1579739238,-30.32,149.78,94.57,39,95.0,0,26.4
Lubao,PH,1579739535,14.92,120.55,78.24,73,80.6,75,4.7
Ondarroa,ES,1579739535,43.32,-2.42,44.08,93,46.99,75,2.24
Apatou,GF,1579739535,5.16,-54.35,72.93,81,72.93,34,4.7
Khunti,IN,1579739535,23.08,85.28,59.0,87,59.0,75,1.14
Yining,CN,1579739538,29.04,114.56,45.25,98,45.25,100,2.89
Gizo,SB,1579739538,-8.1,156.84,81.77,69,81.77,50,7.27
Mahebourg,MU,1579739538,-20.41,57.7,78.87,94,79.0,75,10.29
Krasnosel'kup,RU,1579739538,65.7,82.47,1.62,93,1.62,99,15.68
Am Timan,TD,1579739538,11.03,20.28,62.37,18,62.37,1,6.91
Linhares,BR,1579739400,-19.39,-40.07,74.48,95,74.48,95,2.77
Enumclaw,US,1579739538,47.2,-121.99,44.8,100,46.99,90,4.7
Fort Payne,US,1579739282,34.44,-85.72,38.32,41,42.8,1,3.38
Morondava,MG,1579739539,-20.28,44.28,72.68,89,72.68,100,5.37
Dumas,US,1579739539,35.87,-101.97,47.77,48,53.6,1,4.7
Piacabucu,BR,1579739539,-10.41,-36.43,81.12,80,81.12,100,15.79
Kalga,RU,1579739539,50.93,118.9,-11.34,77,-11.34,0,8.59
Goba,ET,1579739539,7.02,39.98,49.42,62,49.42,100,2.01
Caravelas,BR,1579739539,-17.71,-39.25,78.03,88,78.03,100,28.05
Black River,JM,1579739539,18.03,-77.85,71.35,73,71.6,90,18.34
Bisira,PA,1579739539,8.52,-81.71,66.07,92,66.07,94,8.57
Muroto,JP,1579739539,33.28,134.15,53.6,100,53.6,75,5.82
Mackay,AU,1579739447,-21.15,149.2,88.65,59,90.0,40,11.41
Betsiamites,CA,1579739539,48.94,-68.65,25.68,85,26.6,90,12.75
Nioro,GM,1579739539,13.35,-15.75,80.08,13,80.08,97,6.51
Nong'an,CN,1579739540,44.38,125.17,14.0,78,14.0,20,4.47
Cayenne,GF,1579739395,4.93,-52.33,71.6,94,71.6,44,3.53
Richards Bay,ZA,1579739540,-28.78,32.04,74.46,73,74.46,100,3.33
Kloulklubed,PW,1579739540,7.04,134.26,84.2,74,84.2,75,13.87
Bantou,CN,1579739540,26.22,117.49,59.65,91,59.65,42,2.84
Stavroleushkovskaya,RU,1579739540,45.99,39.76,35.98,96,35.98,100,19.39
Tabou,CI,1579739540,4.42,-7.35,77.22,89,77.22,41,1.45
Chabahar,IR,1579739540,25.29,60.64,65.5,81,65.5,40,5.5
Kozhva,RU,1579739540,65.11,57.05,12.56,96,12.56,98,4.5
Jinchang,CN,1579739543,38.5,102.17,15.42,55,15.42,93,1.07
West Wendover,US,1579739543,40.74,-114.07,41.0,65,41.0,90,3.65
Straseni,MD,1579739544,47.14,28.61,38.64,64,39.2,90,19.46
Port Pirie,AU,1579739544,-33.18,138.02,71.6,46,71.6,75,19.46
Leh,IN,1579739544,34.17,77.58,-12.8,94,-12.8,100,3.51
Jagtial,IN,1579739553,18.8,78.93,67.15,67,67.15,79,3.53
Omboue,GA,1579739553,-1.57,9.26,76.44,94,76.44,76,2.37
Waitati,NZ,1579739553,-45.75,170.57,64.0,73,64.0,77,7.0
Coos Bay,US,1579739553,43.37,-124.22,52.93,76,55.4,90,17.22
Terrace,CA,1579739353,54.52,-128.6,32.36,91,33.01,90,1.36
Cabedelo,BR,1579739553,-6.98,-34.83,80.6,88,80.6,40,4.7
Oddur,SO,1579739554,4.12,43.89,75.09,66,75.09,83,13.96
Menongue,AO,1579739554,-14.66,17.69,62.56,92,62.56,92,1.23
Kyra,RU,1579739614,49.58,111.98,-11.18,77,-11.18,0,4.47
Novikovo,RU,1579739614,51.15,37.89,29.3,90,29.3,99,11.3
Alice Springs,AU,1579739614,-23.7,133.88,91.4,41,91.4,45,8.05
Kuloy,RU,1579739614,61.03,42.49,20.01,83,20.01,100,11.32
Alekseyevsk,RU,1579739614,57.84,108.35,-13.31,95,-13.31,100,13.65
Visby,SE,1579739517,57.64,18.3,36.14,69,37.99,0,16.11
Laas,IT,1579739614,46.62,10.7,30.6,58,35.01,5,4.7
Acapulco de Juarez,MX,1579739477,16.86,-99.89,82.4,74,82.4,40,6.93
Goderich,CA,1579739542,43.75,-81.72,24.62,85,26.01,100,13.98
Kudirkos Naumiestis,LT,1579739617,54.77,22.86,32.94,82,32.94,0,11.39
Ludvika,SE,1579739618,60.15,15.19,28.35,63,30.99,0,10.29
Belawan,ID,1579739621,3.78,98.68,75.2,100,75.2,40,3.36
Bagdarin,RU,1579739621,54.43,113.6,-24.02,81,-24.02,0,4.56
Oyem,GA,1579739621,1.6,11.58,70.12,93,70.12,21,3.13
Hambantota,LK,1579739621,6.12,81.12,79.99,81,79.99,87,22.79
Saint-Augustin,CA,1579739621,51.23,-58.65,21.7,83,21.7,98,13.67
Bereda,ES,1579739621,43.27,-7.54,47.03,100,51.01,40,1.12
Chimbote,PE,1579739621,-9.09,-78.58,74.53,74,74.53,69,6.49
Sedona,US,1579739621,34.87,-111.76,48.72,61,57.0,1,3.36
Tonekabon,IR,1579739621,36.82,50.87,42.8,87,42.8,66,2.24
Christchurch,NZ,1579739431,-43.53,172.63,71.02,64,75.99,0,20.8
Catherinas Lust,GY,1579739622,6.4,-57.6,78.57,80,78.57,53,14.05
Sorada,IN,1579739622,19.75,84.43,63.59,75,63.59,83,1.74
Clyde River,CA,1579739622,70.47,-68.59,-9.4,76,-9.4,90,13.87
Maumere,ID,1579739622,-8.62,122.21,81.72,71,81.72,27,1.07
Springfield,US,1579739622,37.22,-93.3,32.09,95,34.0,90,18.34
Juneau,US,1579739481,58.3,-134.42,33.85,98,35.6,90,3.36
Alaverdi,AM,1579739622,41.1,44.67,37.4,64,37.4,75,14.99
Adrar,MR,1579739622,20.5,-10.07,65.03,27,65.03,100,8.21
Aklavik,CA,1579739622,68.22,-135.01,-22.76,74,-22.0,75,2.24
Chimore,BO,1579739622,-16.98,-65.13,76.93,90,76.93,98,2.42
Sioux Falls,US,1579739438,43.55,-96.7,32.59,100,33.8,90,3.36
Sale,MA,1579739623,34.04,-6.82,51.35,81,52.0,40,10.29
Rio Gallegos,AR,1579739617,-51.62,-69.22,48.2,100,48.2,90,5.82
Hay River,CA,1579739623,60.82,-115.8,19.4,92,19.4,75,5.82
Hervey Bay,AU,1579739623,-25.3,152.85,80.69,88,82.99,75,11.41
Guerrero Negro,MX,1579739568,27.98,-114.06,62.94,71,62.94,0,11.34
Santiago de Cao,PE,1579739623,-7.96,-79.24,77.0,78,77.0,90,2.24
Teya,RU,1579739623,60.38,92.63,-10.35,98,-10.35,72,4.7
Gananoque,CA,1579739623,44.33,-76.17,28.94,86,32.0,90,12.75
Comodoro Rivadavia,AR,1579739623,-45.87,-67.5,71.6,37,71.6,0,21.92
Kumeny,RU,1579739524,58.11,49.92,22.08,94,22.08,100,10.11
Hailar,CN,1579739623,49.2,119.7,-8.66,88,-8.66,2,14.58
Koslan,RU,1579739624,63.46,48.9,19.26,91,19.26,100,11.88
Kruisfontein,ZA,1579739624,-34.0,24.73,61.61,90,61.61,100,5.53
Katobu,ID,1579739624,-4.94,122.53,81.1,80,81.1,91,5.26
Maniwaki,CA,1579739684,46.38,-75.97,27.39,82,27.39,100,11.45
Bardiyah,LY,1579739684,31.76,25.09,57.0,74,57.0,0,16.26
Rosetta,EG,1579739684,31.4,30.42,55.4,62,55.4,40,9.17
Khovd,MN,1579739684,48.01,91.64,5.56,57,5.56,100,4.03
Dakar,SN,1579739593,14.69,-17.44,72.68,56,73.4,100,10.29
Kahului,US,1579739609,20.89,-156.47,77.47,48,82.4,20,8.05
Waipawa,NZ,1579739684,-41.41,175.52,71.29,64,77.0,0,23.04
Pekan,MY,1579739684,3.48,103.4,77.0,94,77.0,40,4.7
Hai Duong,VN,1579739685,20.93,106.32,70.75,94,71.6,75,3.36
Nerang,AU,1579739685,-27.98,153.33,85.28,79,88.0,75,16.11
Noumea,NC,1579739608,-22.28,166.46,86.27,40,89.6,71,10.29
Upata,VE,1579739685,8.01,-62.4,73.54,80,73.54,78,4.36
La Baule-Escoublac,FR,1579739685,47.29,-2.36,37.54,69,41.0,0,20.8
Coahuayana Viejo,MX,1579739685,18.73,-103.68,75.2,83,75.2,40,11.41
Esim,GH,1579739685,4.87,-2.24,78.84,86,78.84,82,3.06
Azadshahr,IR,1579739685,34.79,48.57,24.94,94,24.94,96,1.48
Naze,JP,1579739685,28.37,129.48,70.75,78,71.6,75,20.8
Sokoni,TZ,1579739685,-6.43,39.55,81.61,83,81.61,100,9.66
Vostok,RU,1579739685,46.49,135.88,0.12,90,0.12,43,4.18
Namie,JP,1579739685,37.48,141.0,39.33,93,45.0,75,2.24
Oranjemund,NA,1579739686,-28.55,16.43,64.87,86,64.87,2,0.07
